No,Treatment,Timepoint1,Yield,Rel.Control
1,Control,0,0.557,1
2,Control,0,0.45,1
3,Control,0,0.553,1
4,Control,0,0.535,1
5,Control,0,0.549,1
6,Control,0,0.59,1
7,Control,0,0.531,1
8,Control,0,0.578,1
9,Control,1,0.5575,1
10,Control,1,0.516,1
11,Control,1,0.566,1
12,Control,1,0.5055,1
13,Control,1,0.5405,1
14,Control,1,0.54,1
15,Control,1,0.4965,1
16,Control,1,0.501,1
17,Control,2,0.579,1
18,Control,2,0.533,1
19,Control,2,0.5365,1
20,Control,2,0.5225,1
21,Control,2,0.5755,1
22,Control,2,0.5765,1
23,Control,2,0.4965,1
24,Control,2,0.5645,1
25,Control,3,0.582666667,1
26,Control,3,0.562666667,1
27,Control,3,0.579666667,1
28,Control,3,0.568,1
29,Control,3,0.582,1
30,Control,3,0.564,1
31,Control,3,0.541666667,1
32,Control,3,0.578333333,1
33,Control,4,0.599,1
34,Control,4,0.556,1
35,Control,4,0.586,1
36,Control,4,0.581,1
37,Control,4,0.5975,1
38,Control,4,0.6235,1
39,Control,4,0.58,1
40,Control,4,0.6235,1
41,Control,5,0.539,1
42,Control,5,0.542,1
43,Control,5,0.47,1
44,Control,5,0.509,1
45,Control,5,0.579,1
46,Control,5,0.597,1
47,Control,5,0.464,1
48,Control,5,0.579,1
49,High,0,0.565,1.014362657
50,High,0,0.513,1.14
51,High,0,0.489,0.884267631
52,High,0,0.477,0.891588785
53,High,0,0.554,1.009107468
54,High,0,0.55,0.93220339
55,High,0,0.502,0.945386064
56,High,0,0.5,0.865051903
57,High,1,0.109,0.195515695
58,High,1,0.167,0.323643411
59,High,1,0.104,0.183745583
60,High,1,0.1365,0.270029674
61,High,1,0.0745,0.137835338
62,High,1,0.09,0.166666667
63,High,1,0.1085,0.218529708
64,High,1,0.103,0.205588822
65,High,2,0.039,0.067357513
66,High,2,0.0045,0.008442777
67,High,2,0,0
68,High,2,0.0085,0.016267943
69,High,2,0.0095,0.016507385
70,High,2,0,0
71,High,2,0.0145,0.029204431
72,High,2,0,0
73,High,3,0.030666667,0.052631579
74,High,3,0,0
75,High,3,0.059666667,0.10293272
76,High,3,0,0
77,High,3,0.025666667,0.044100802
78,High,3,0.053,0.093971631
79,High,3,0.063333333,0.116923077
80,High,3,0.018666667,0.032276657
81,High,4,0.121,0.202003339
82,High,4,0.161,0.289568345
83,High,4,0.198,0.337883959
84,High,4,0.146,0.251290878
85,High,4,0.106,0.177405858
86,High,4,0.1375,0.22052927
87,High,4,0.1205,0.207758621
88,High,4,0.1385,0.222133119
89,High,5,0,0
90,High,5,0,0
91,High,5,0,0
92,High,5,0.02,0.039292731
93,High,5,0,0
94,High,5,0,0
95,High,5,0.029,0.0625
96,High,5,0,0
97,Low,0,0.543,0.97486535
98,Low,0,0.497,1.104444444
99,Low,0,0.574,1.037974684
100,Low,0,0.43,0.803738318
101,Low,0,0.479,0.872495446
102,Low,0,0.573,0.971186441
103,Low,0,0.547,1.030131827
104,Low,0,0.592,1.024221453
105,Low,1,0.494,0.886098655
106,Low,1,0.489,0.947674419
107,Low,1,0.5295,0.935512367
108,Low,1,0.437,0.864490603
109,Low,1,0.578,1.069380204
110,Low,1,0.565,1.046296296
111,Low,1,0.5145,1.036253776
112,Low,1,0.478,0.954091816
113,Low,2,0.4895,0.845423143
114,Low,2,0.4925,0.924015009
115,Low,2,0.5145,0.958993476
116,Low,2,0.4785,0.915789474
117,Low,2,0.564,0.980017376
118,Low,2,0.5255,0.911535126
119,Low,2,0.5345,1.07653575
120,Low,2,0.5435,0.962798937
121,Low,3,0.524333333,0.899885584
122,Low,3,0.533333333,0.947867299
123,Low,3,0.584666667,1.008625647
124,Low,3,0.581666667,1.024061033
125,Low,3,0.568333333,0.976517755
126,Low,3,0.521333333,0.924349882
127,Low,3,0.485,0.895384615
128,Low,3,0.546333333,0.944668588
129,Low,4,0.582,0.971619366
130,Low,4,0.566,1.017985612
131,Low,4,0.5855,0.999146758
132,Low,4,0.5675,0.9767642
133,Low,4,0.597,0.99916318
134,Low,4,0.5275,0.846030473
135,Low,4,0.561,0.967241379
136,Low,4,0.5405,0.866880513
137,Low,5,0.359,0.666048237
138,Low,5,0.525,0.968634686
139,Low,5,0.371,0.789361702
140,Low,5,0.294,0.577603143
141,Low,5,0.553,0.955094991
142,Low,5,0.547,0.916247906
143,Low,5,0.412,0.887931034
144,Low,5,0.505,0.872193437
145,Medium,0,0.484,0.868940754
146,Medium,0,0.554,1.231111111
147,Medium,0,0.542,0.980108499
148,Medium,0,0.511,0.955140187
149,Medium,0,0.598,1.089253188
150,Medium,0,0.579,0.981355932
151,Medium,0,0.582,1.096045198
152,Medium,0,0.502,0.868512111
153,Medium,1,0.404,0.724663677
154,Medium,1,0.481,0.932170543
155,Medium,1,0.4715,0.833038869
156,Medium,1,0.456,0.902077151
157,Medium,1,0.4625,0.855689177
158,Medium,1,0.4505,0.834259259
159,Medium,1,0.415,0.835850957
160,Medium,1,0.5535,1.104790419
161,Medium,2,0.265,0.457685665
162,Medium,2,0.2355,0.441838649
163,Medium,2,0.377,0.702702703
164,Medium,2,0.3155,0.603827751
165,Medium,2,0.213,0.370112945
166,Medium,2,0.1945,0.337380746
167,Medium,2,0.2875,0.579053374
168,Medium,2,0.357,0.632418069
169,Medium,3,0.267,0.458237986
170,Medium,3,0.262,0.46563981
171,Medium,3,0.404666667,0.698102358
172,Medium,3,0.308,0.542253521
173,Medium,3,0.288,0.494845361
174,Medium,3,0.237666667,0.421394799
175,Medium,3,0.340333333,0.628307692
176,Medium,3,0.455333333,0.787319885
177,Medium,4,0.408,0.681135225
178,Medium,4,0.36,0.647482014
179,Medium,4,0.494,0.843003413
180,Medium,4,0.4625,0.796041308
181,Medium,4,0.43,0.719665272
182,Medium,4,0.382,0.612670409
183,Medium,4,0.391,0.674137931
184,Medium,4,0.5375,0.862068966
185,Medium,5,0.122,0.226345083
186,Medium,5,0.141,0.260147601
187,Medium,5,0,0
188,Medium,5,0.203,0.398821218
189,Medium,5,0.105,0.18134715
190,Medium,5,0.176,0.29480737
191,Medium,5,0.385,0.829741379
192,Medium,5,0.187,0.322970639